<?xml version="1.0" encoding="UTF-8"?>
<configurationDescriptor version="62">
  <logicalFolder name="root" displayName="root" projectFiles="true">
    <logicalFolder name="HeaderFiles"
                   displayName="Header Files"
                   projectFiles="true">
      <itemPath>UARTIntC.def</itemPath>
      <itemPath>UARTIntC.h</itemPath>
      <itemPath>crypt_base64.h</itemPath>
      <itemPath>crypt_hmac.h</itemPath>
      <itemPath>crypt_md5.h</itemPath>
      <itemPath>crypt_rc4.h</itemPath>
      <itemPath>led.h</itemPath>
      <itemPath>net.h</itemPath>
      <itemPath>net_msg.h</itemPath>
      <itemPath>net_sms.h</itemPath>
      <itemPath>ovms.h</itemPath>
      <itemPath>params.h</itemPath>
      <itemPath>utils.h</itemPath>
      <itemPath>inputs.h</itemPath>
      <itemPath>diag.h</itemPath>
      <itemPath>vehicle.h</itemPath>
      <itemPath>logging.h</itemPath>
      <itemPath>acc.h</itemPath>
    </logicalFolder>
    <logicalFolder name="LibraryFiles"
                   displayName="Library Files"
                   projectFiles="true">
    </logicalFolder>
    <logicalFolder name="LinkerScript"
                   displayName="Linker Files"
                   projectFiles="true">
    </logicalFolder>
    <logicalFolder name="ObjectFiles"
                   displayName="Object Files"
                   projectFiles="true">
    </logicalFolder>
    <logicalFolder name="SourceFiles"
                   displayName="Source Files"
                   projectFiles="true">
      <itemPath>UARTIntC.c</itemPath>
      <itemPath>crypt_base64.c</itemPath>
      <itemPath>crypt_hmac.c</itemPath>
      <itemPath>crypt_md5.c</itemPath>
      <itemPath>crypt_rc4.c</itemPath>
      <itemPath>led.c</itemPath>
      <itemPath>net.c</itemPath>
      <itemPath>net_msg.c</itemPath>
      <itemPath>net_sms.c</itemPath>
      <itemPath>ovms.c</itemPath>
      <itemPath>params.c</itemPath>
      <itemPath>utils.c</itemPath>
      <itemPath>inputs.c</itemPath>
      <itemPath>diag.c</itemPath>
      <itemPath>vehicle_teslaroadster.c</itemPath>
      <itemPath>vehicle_twizy.c</itemPath>
      <itemPath>vehicle_voltampera.c</itemPath>
      <itemPath>vehicle.c</itemPath>
      <itemPath>vehicle_none.c</itemPath>
      <itemPath>vehicle_obdii.c</itemPath>
      <itemPath>vehicle_thinkcity.c</itemPath>
      <itemPath>vehicle_nissanleaf.c</itemPath>
      <itemPath>vehicle_tazzari.c</itemPath>
      <itemPath>logging.c</itemPath>
      <itemPath>vehicle_mitsubishi.c</itemPath>
      <itemPath>acc.c</itemPath>
      <itemPath>vehicle_track.c</itemPath>
      <itemPath>vehicle_kyburz.c</itemPath>
    </logicalFolder>
    <logicalFolder name="ExternalFiles"
                   displayName="Important Files"
                   projectFiles="false">
      <itemPath>Makefile</itemPath>
    </logicalFolder>
  </logicalFolder>
  <sourceRootList>
    <Elem>.</Elem>
  </sourceRootList>
  <projectmakefile>Makefile</projectmakefile>
  <confs>
    <conf name="V1_Production" type="2">
      <toolsSet>
        <developmentServer>localhost</developmentServer>
        <targetDevice>PIC18F2680</targetDevice>
        <targetHeader></targetHeader>
        <targetPluginBoard></targetPluginBoard>
        <platformTool>PICkit3PlatformTool</platformTool>
        <languageToolchain>C18</languageToolchain>
        <languageToolchainVersion>3.40</languageToolchainVersion>
        <platform>4</platform>
      </toolsSet>
      <compileType>
        <linkerTool>
          <linkerLibItems>
          </linkerLibItems>
        </linkerTool>
        <loading>
          <useAlternateLoadableFile>false</useAlternateLoadableFile>
          <alternateLoadableFile></alternateLoadableFile>
        </loading>
      </compileType>
      <makeCustomizationType>
        <makeCustomizationPreStepEnabled>false</makeCustomizationPreStepEnabled>
        <makeCustomizationPreStep></makeCustomizationPreStep>
        <makeCustomizationPostStepEnabled>false</makeCustomizationPostStepEnabled>
        <makeCustomizationPostStep></makeCustomizationPostStep>
        <makeCustomizationPutChecksumInUserID>false</makeCustomizationPutChecksumInUserID>
        <makeCustomizationEnableLongLines>false</makeCustomizationEnableLongLines>
        <makeCustomizationNormalizeHexFile>false</makeCustomizationNormalizeHexFile>
      </makeCustomizationType>
      <C18>
        <property key="code-model" value="ml"/>
        <property key="data-model" value="oa-"/>
        <property key="default-char-unsigned" value="true"/>
        <property key="enable-all-optimizations" value="true"/>
        <property key="enable-int-promotion" value="false"/>
        <property key="enable-multi-bank-stack-model" value="false"/>
        <property key="enable-ob" value="true"/>
        <property key="enable-od" value="true"/>
        <property key="enable-om" value="true"/>
        <property key="enable-on" value="true"/>
        <property key="enable-op" value="true"/>
        <property key="enable-opa" value="true"/>
        <property key="enable-or" value="true"/>
        <property key="enable-os" value="true"/>
        <property key="enable-ot" value="true"/>
        <property key="enable-ou" value="true"/>
        <property key="enable-ow" value="true"/>
        <property key="extra-include-directories" value=""/>
        <property key="optimization-master" value="Enable all"/>
        <property key="preprocessor-macros"
                  value="OVMS_HW_V1;OVMS_CAR_NONE;OVMS_CAR_TESLAROADSTER;OVMS_LOGGINGMODULE"/>
        <property key="procedural-abstraction-passes" value="0"/>
        <property key="storage-class" value="sca"/>
        <property key="verbose" value="false"/>
        <property key="warning-level" value="2"/>
      </C18>
      <C18-AS>
        <property key="cross.reference.file" value=""/>
        <property key="default.radix" value="HEX"/>
        <property key="enable.case.sensitivity" value="false"/>
        <property key="hex.output.format" value="INHX32"/>
        <property key="preprocessor.macros" value=""/>
        <property key="warning.level" value="0"/>
      </C18-AS>
      <C18-LD>
        <property key="cod-file" value="false"/>
        <property key="extra-lib-directories" value=""/>
        <property key="hex-output-format" value="INHX32"/>
        <property key="map-file" value="build/memorymap"/>
      </C18-LD>
      <C18LanguageToolchain>
        <property key="extended-mode" value="true"/>
        <property key="extended-mode-mcc18" value="true"/>
        <property key="extended-mode-mpasm" value="true"/>
        <property key="extended-mode-mplink" value="true"/>
        <property key="stack-analysis" value="false"/>
        <property key="stack-analysis-mcc18" value="false"/>
        <property key="stack-analysis-mplink" value="false"/>
      </C18LanguageToolchain>
      <PICkit3PlatformTool>
        <property key="AutoSelectMemRanges" value="auto"/>
        <property key="Freeze Peripherals" value="true"/>
        <property key="SecureSegment.SegmentProgramming" value="FullChipProgramming"/>
        <property key="ToolFirmwareFilePath"
                  value="Press to browse for a specific firmware version"/>
        <property key="ToolFirmwareOption.UseLatestFirmware" value="true"/>
        <property key="hwtoolclock.frcindebug" value="false"/>
        <property key="memories.aux" value="false"/>
        <property key="memories.bootflash" value="false"/>
        <property key="memories.configurationmemory" value="false"/>
        <property key="memories.eeprom" value="true"/>
        <property key="memories.flashdata" value="true"/>
        <property key="memories.id" value="true"/>
        <property key="memories.programmemory" value="true"/>
        <property key="memories.programmemory.end" value="0xffff"/>
        <property key="memories.programmemory.start" value="0x0"/>
        <property key="poweroptions.powerenable" value="true"/>
        <property key="programmertogo.imagename" value=""/>
        <property key="programoptions.eraseb4program" value="true"/>
        <property key="programoptions.pgmspeed" value="2"/>
        <property key="programoptions.preserveeeprom" value="false"/>
        <property key="programoptions.preserveprogramrange" value="false"/>
        <property key="programoptions.preserveprogramrange.end" value="0x3f"/>
        <property key="programoptions.preserveprogramrange.start" value="0x0"/>
        <property key="programoptions.preserveuserid" value="false"/>
        <property key="programoptions.testmodeentrymethod" value="VPPFirst"/>
        <property key="programoptions.usehighvoltageonmclr" value="false"/>
        <property key="programoptions.uselvpprogramming" value="false"/>
        <property key="voltagevalue" value="5.0"/>
      </PICkit3PlatformTool>
      <item path="acc.c" ex="true" overriding="false">
        <C18>
        </C18>
        <C18-AS>
        </C18-AS>
        <C18-LD>
        </C18-LD>
        <C18LanguageToolchain>
        </C18LanguageToolchain>
      </item>
      <item path="acc.h" ex="false" overriding="false">
        <C18>
        </C18>
        <C18-AS>
        </C18-AS>
        <C18-LD>
        </C18-LD>
        <C18LanguageToolchain>
        </C18LanguageToolchain>
      </item>
      <item path="diag.c" ex="true" overriding="false">
        <C18>
        </C18>
        <C18-AS>
        </C18-AS>
        <C18-LD>
        </C18-LD>
        <C18LanguageToolchain>
        </C18LanguageToolchain>
      </item>
      <item path="diag.h" ex="true" overriding="false">
        <C18>
        </C18>
        <C18-AS>
        </C18-AS>
        <C18-LD>
        </C18-LD>
        <C18LanguageToolchain>
        </C18LanguageToolchain>
      </item>
      <item path="logging.c" ex="false" overriding="false">
        <C18>
        </C18>
        <C18-AS>
        </C18-AS>
        <C18-LD>
        </C18-LD>
        <C18LanguageToolchain>
        </C18LanguageToolchain>
      </item>
      <item path="logging.h" ex="true" overriding="false">
        <C18>
        </C18>
        <C18-AS>
        </C18-AS>
        <C18-LD>
        </C18-LD>
        <C18LanguageToolchain>
        </C18LanguageToolchain>
      </item>
      <item path="vehicle_kyburz.c" ex="true" overriding="false">
        <C18>
        </C18>
        <C18-AS>
        </C18-AS>
        <C18-LD>
        </C18-LD>
        <C18LanguageToolchain>
        </C18LanguageToolchain>
      </item>
      <item path="vehicle_mitsubishi.c" ex="true" overriding="false">
        <C18>
        </C18>
        <C18-AS>
        </C18-AS>
        <C18-LD>
        </C18-LD>
        <C18LanguageToolchain>
        </C18LanguageToolchain>
      </item>
      <item path="vehicle_nissanleaf.c" ex="true" overriding="false">
        <C18>
        </C18>
        <C18-AS>
        </C18-AS>
        <C18-LD>
        </C18-LD>
        <C18LanguageToolchain>
        </C18LanguageToolchain>
      </item>
      <item path="vehicle_obdii.c" ex="true" overriding="false">
        <C18>
        </C18>
        <C18-AS>
        </C18-AS>
        <C18-LD>
        </C18-LD>
        <C18LanguageToolchain>
        </C18LanguageToolchain>
      </item>
      <item path="vehicle_tazzari.c" ex="true" overriding="false">
        <C18>
        </C18>
        <C18-AS>
        </C18-AS>
        <C18-LD>
        </C18-LD>
        <C18LanguageToolchain>
        </C18LanguageToolchain>
      </item>
      <item path="vehicle_thinkcity.c" ex="true" overriding="false">
        <C18>
        </C18>
        <C18-AS>
        </C18-AS>
        <C18-LD>
        </C18-LD>
        <C18LanguageToolchain>
        </C18LanguageToolchain>
      </item>
      <item path="vehicle_track.c" ex="true" overriding="false">
        <C18>
        </C18>
        <C18-AS>
        </C18-AS>
        <C18-LD>
        </C18-LD>
        <C18LanguageToolchain>
        </C18LanguageToolchain>
      </item>
      <item path="vehicle_twizy.c" ex="true" overriding="false">
        <C18>
        </C18>
        <C18-AS>
        </C18-AS>
        <C18-LD>
        </C18-LD>
        <C18LanguageToolchain>
        </C18LanguageToolchain>
      </item>
      <item path="vehicle_voltampera.c" ex="true" overriding="false">
        <C18>
        </C18>
        <C18-AS>
        </C18-AS>
        <C18-LD>
        </C18-LD>
        <C18LanguageToolchain>
        </C18LanguageToolchain>
      </item>
    </conf>
    <conf name="V2_Experimental" type="2">
      <toolsSet>
        <developmentServer>localhost</developmentServer>
        <targetDevice>PIC18F2685</targetDevice>
        <targetHeader></targetHeader>
        <targetPluginBoard></targetPluginBoard>
        <platformTool>PICkit3PlatformTool</platformTool>
        <languageToolchain>C18</languageToolchain>
        <languageToolchainVersion>3.40</languageToolchainVersion>
        <platform>4</platform>
      </toolsSet>
      <compileType>
        <linkerTool>
          <linkerLibItems>
          </linkerLibItems>
        </linkerTool>
        <loading>
          <useAlternateLoadableFile>false</useAlternateLoadableFile>
          <alternateLoadableFile></alternateLoadableFile>
        </loading>
      </compileType>
      <makeCustomizationType>
        <makeCustomizationPreStepEnabled>false</makeCustomizationPreStepEnabled>
        <makeCustomizationPreStep></makeCustomizationPreStep>
        <makeCustomizationPostStepEnabled>false</makeCustomizationPostStepEnabled>
        <makeCustomizationPostStep></makeCustomizationPostStep>
        <makeCustomizationPutChecksumInUserID>false</makeCustomizationPutChecksumInUserID>
        <makeCustomizationEnableLongLines>false</makeCustomizationEnableLongLines>
        <makeCustomizationNormalizeHexFile>false</makeCustomizationNormalizeHexFile>
      </makeCustomizationType>
      <C18>
        <property key="code-model" value="ml"/>
        <property key="data-model" value="oa-"/>
        <property key="default-char-unsigned" value="true"/>
        <property key="enable-all-optimizations" value="true"/>
        <property key="enable-int-promotion" value="false"/>
        <property key="enable-multi-bank-stack-model" value="false"/>
        <property key="enable-ob" value="false"/>
        <property key="enable-od" value="false"/>
        <property key="enable-om" value="true"/>
        <property key="enable-on" value="true"/>
        <property key="enable-op" value="false"/>
        <property key="enable-opa" value="false"/>
        <property key="enable-or" value="false"/>
        <property key="enable-os" value="true"/>
        <property key="enable-ot" value="false"/>
        <property key="enable-ou" value="false"/>
        <property key="enable-ow" value="true"/>
        <property key="extra-include-directories" value=""/>
        <property key="optimization-master" value="Enable all"/>
        <property key="preprocessor-macros"
                  value="OVMS_HW_V2;OVMS_DIAGMODULE;OVMS_LOGGINGMODULE;OVMS_INTERNALGPS;OVMS_POLLER;OVMS_CAR_NONE;OVMS_CAR_OBDII;OVMS_CAR_NISSANLEAF;OVMS_CAR_THINKCITY;OVMS_CAR_TAZZARI;OVMS_CAR_MITSUBISHI;OVMS_CAR_TRACK;OVMS_CAR_KYBURZ"/>
        <property key="procedural-abstraction-passes" value="0"/>
        <property key="storage-class" value="sca"/>
        <property key="verbose" value="false"/>
        <property key="warning-level" value="2"/>
      </C18>
      <C18-AS>
        <property key="cross.reference.file" value=""/>
        <property key="default.radix" value="HEX"/>
        <property key="enable.case.sensitivity" value="false"/>
        <property key="hex.output.format" value="INHX32"/>
        <property key="preprocessor.macros" value=""/>
        <property key="warning.level" value="0"/>
      </C18-AS>
      <C18-LD>
        <property key="cod-file" value="false"/>
        <property key="extra-lib-directories" value=""/>
        <property key="hex-output-format" value="INHX32"/>
        <property key="map-file" value="build/memorymap"/>
      </C18-LD>
      <C18LanguageToolchain>
        <property key="extended-mode" value="true"/>
        <property key="extended-mode-mcc18" value="true"/>
        <property key="extended-mode-mpasm" value="true"/>
        <property key="extended-mode-mplink" value="true"/>
        <property key="stack-analysis" value="false"/>
        <property key="stack-analysis-mcc18" value="false"/>
        <property key="stack-analysis-mplink" value="false"/>
      </C18LanguageToolchain>
      <PICkit3PlatformTool>
        <property key="AutoSelectMemRanges" value="auto"/>
        <property key="Freeze Peripherals" value="true"/>
        <property key="SecureSegment.SegmentProgramming" value="FullChipProgramming"/>
        <property key="ToolFirmwareFilePath"
                  value="Press to browse for a specific firmware version"/>
        <property key="ToolFirmwareOption.UseLatestFirmware" value="true"/>
        <property key="hwtoolclock.frcindebug" value="false"/>
        <property key="memories.aux" value="false"/>
        <property key="memories.bootflash" value="false"/>
        <property key="memories.configurationmemory" value="false"/>
        <property key="memories.eeprom" value="false"/>
        <property key="memories.flashdata" value="true"/>
        <property key="memories.id" value="false"/>
        <property key="memories.programmemory" value="true"/>
        <property key="memories.programmemory.end" value="0x17fff"/>
        <property key="memories.programmemory.start" value="0x0"/>
        <property key="poweroptions.powerenable" value="false"/>
        <property key="programmertogo.imagename" value=""/>
        <property key="programoptions.eraseb4program" value="true"/>
        <property key="programoptions.pgmspeed" value="2"/>
        <property key="programoptions.preserveeeprom" value="true"/>
        <property key="programoptions.preserveprogramrange" value="false"/>
        <property key="programoptions.preserveprogramrange.end" value="0x17fff"/>
        <property key="programoptions.preserveprogramrange.start" value="0x0"/>
        <property key="programoptions.preserveuserid" value="false"/>
        <property key="programoptions.testmodeentrymethod" value="VPPFirst"/>
        <property key="programoptions.usehighvoltageonmclr" value="false"/>
        <property key="programoptions.uselvpprogramming" value="false"/>
        <property key="voltagevalue" value="5.0"/>
      </PICkit3PlatformTool>
      <item path="acc.c" ex="true" overriding="false">
        <C18>
        </C18>
        <C18-AS>
        </C18-AS>
        <C18-LD>
        </C18-LD>
        <C18LanguageToolchain>
        </C18LanguageToolchain>
      </item>
      <item path="acc.h" ex="true" overriding="false">
        <C18>
        </C18>
        <C18-AS>
        </C18-AS>
        <C18-LD>
        </C18-LD>
        <C18LanguageToolchain>
        </C18LanguageToolchain>
      </item>
      <item path="vehicle_teslaroadster.c" ex="true" overriding="false">
        <C18>
        </C18>
        <C18-AS>
        </C18-AS>
        <C18-LD>
        </C18-LD>
        <C18LanguageToolchain>
        </C18LanguageToolchain>
      </item>
      <item path="vehicle_twizy.c" ex="true" overriding="false">
        <C18>
        </C18>
        <C18-AS>
        </C18-AS>
        <C18-LD>
        </C18-LD>
        <C18LanguageToolchain>
        </C18LanguageToolchain>
      </item>
      <item path="vehicle_voltampera.c" ex="true" overriding="false">
        <C18>
        </C18>
        <C18-AS>
        </C18-AS>
        <C18-LD>
        </C18-LD>
        <C18LanguageToolchain>
        </C18LanguageToolchain>
      </item>
    </conf>
    <conf name="V2_Production" type="2">
      <toolsSet>
        <developmentServer>localhost</developmentServer>
        <targetDevice>PIC18F2685</targetDevice>
        <targetHeader></targetHeader>
        <targetPluginBoard></targetPluginBoard>
        <platformTool>PICkit3PlatformTool</platformTool>
        <languageToolchain>C18</languageToolchain>
        <languageToolchainVersion>3.40</languageToolchainVersion>
        <platform>4</platform>
      </toolsSet>
      <compileType>
        <linkerTool>
          <linkerLibItems>
          </linkerLibItems>
        </linkerTool>
        <loading>
          <useAlternateLoadableFile>false</useAlternateLoadableFile>
          <alternateLoadableFile></alternateLoadableFile>
        </loading>
      </compileType>
      <makeCustomizationType>
        <makeCustomizationPreStepEnabled>false</makeCustomizationPreStepEnabled>
        <makeCustomizationPreStep></makeCustomizationPreStep>
        <makeCustomizationPostStepEnabled>false</makeCustomizationPostStepEnabled>
        <makeCustomizationPostStep></makeCustomizationPostStep>
        <makeCustomizationPutChecksumInUserID>false</makeCustomizationPutChecksumInUserID>
        <makeCustomizationEnableLongLines>false</makeCustomizationEnableLongLines>
        <makeCustomizationNormalizeHexFile>false</makeCustomizationNormalizeHexFile>
      </makeCustomizationType>
      <C18>
        <property key="code-model" value="ml"/>
        <property key="data-model" value="oa-"/>
        <property key="default-char-unsigned" value="true"/>
        <property key="enable-all-optimizations" value="true"/>
        <property key="enable-int-promotion" value="false"/>
        <property key="enable-multi-bank-stack-model" value="false"/>
        <property key="enable-ob" value="true"/>
        <property key="enable-od" value="true"/>
        <property key="enable-om" value="true"/>
        <property key="enable-on" value="true"/>
        <property key="enable-op" value="true"/>
        <property key="enable-opa" value="true"/>
        <property key="enable-or" value="true"/>
        <property key="enable-os" value="true"/>
        <property key="enable-ot" value="true"/>
        <property key="enable-ou" value="true"/>
        <property key="enable-ow" value="true"/>
        <property key="extra-include-directories" value=""/>
        <property key="optimization-master" value="Enable all"/>
        <property key="preprocessor-macros"
                  value="OVMS_CAR_BASE;OVMS_CAR_TESLAROADSTER;OVMS_CAR_VOLTAMPERA;OVMS_CAR_RENAULTTWIZY;OVMS_CAR_TRACK;OVMS_HW_V2;OVMS_DIAGMODULE;OVMS_LOGGINGMODULE;OVMS_INTERNALGPS"/>
        <property key="procedural-abstraction-passes" value="0"/>
        <property key="storage-class" value="sca"/>
        <property key="verbose" value="false"/>
        <property key="warning-level" value="2"/>
      </C18>
      <C18-AS>
        <property key="cross.reference.file" value=""/>
        <property key="default.radix" value="HEX"/>
        <property key="enable.case.sensitivity" value="false"/>
        <property key="hex.output.format" value="INHX32"/>
        <property key="preprocessor.macros" value=""/>
        <property key="warning.level" value="0"/>
      </C18-AS>
      <C18-LD>
        <property key="cod-file" value="false"/>
        <property key="extra-lib-directories" value=""/>
        <property key="hex-output-format" value="INHX32"/>
        <property key="map-file" value="build/memorymap"/>
      </C18-LD>
      <C18LanguageToolchain>
        <property key="extended-mode" value="true"/>
        <property key="extended-mode-mcc18" value="true"/>
        <property key="extended-mode-mpasm" value="true"/>
        <property key="extended-mode-mplink" value="true"/>
        <property key="stack-analysis" value="false"/>
        <property key="stack-analysis-mcc18" value="false"/>
        <property key="stack-analysis-mplink" value="false"/>
      </C18LanguageToolchain>
      <PICkit3PlatformTool>
        <property key="AutoSelectMemRanges" value="auto"/>
        <property key="Freeze Peripherals" value="true"/>
        <property key="SecureSegment.SegmentProgramming" value="FullChipProgramming"/>
        <property key="ToolFirmwareFilePath"
                  value="Press to browse for a specific firmware version"/>
        <property key="ToolFirmwareOption.UseLatestFirmware" value="true"/>
        <property key="hwtoolclock.frcindebug" value="false"/>
        <property key="memories.aux" value="false"/>
        <property key="memories.bootflash" value="false"/>
        <property key="memories.configurationmemory" value="false"/>
        <property key="memories.eeprom" value="true"/>
        <property key="memories.flashdata" value="true"/>
        <property key="memories.id" value="true"/>
        <property key="memories.programmemory" value="true"/>
        <property key="memories.programmemory.end" value="0xffff"/>
        <property key="memories.programmemory.start" value="0x0"/>
        <property key="poweroptions.powerenable" value="true"/>
        <property key="programmertogo.imagename" value=""/>
        <property key="programoptions.eraseb4program" value="true"/>
        <property key="programoptions.pgmspeed" value="2"/>
        <property key="programoptions.preserveeeprom" value="false"/>
        <property key="programoptions.preserveprogramrange" value="false"/>
        <property key="programoptions.preserveprogramrange.end" value="0x3f"/>
        <property key="programoptions.preserveprogramrange.start" value="0x0"/>
        <property key="programoptions.preserveuserid" value="false"/>
        <property key="programoptions.testmodeentrymethod" value="VPPFirst"/>
        <property key="programoptions.usehighvoltageonmclr" value="false"/>
        <property key="programoptions.uselvpprogramming" value="false"/>
        <property key="voltagevalue" value="5.0"/>
      </PICkit3PlatformTool>
      <item path="acc.c" ex="true" overriding="false">
        <C18>
        </C18>
        <C18-AS>
        </C18-AS>
        <C18-LD>
        </C18-LD>
        <C18LanguageToolchain>
        </C18LanguageToolchain>
      </item>
      <item path="acc.h" ex="true" overriding="false">
        <C18>
        </C18>
        <C18-AS>
        </C18-AS>
        <C18-LD>
        </C18-LD>
        <C18LanguageToolchain>
        </C18LanguageToolchain>
      </item>
      <item path="diag.c" ex="false" overriding="false">
        <C18>
        </C18>
        <C18-AS>
        </C18-AS>
        <C18-LD>
        </C18-LD>
        <C18LanguageToolchain>
        </C18LanguageToolchain>
      </item>
      <item path="diag.h" ex="false" overriding="false">
        <C18>
        </C18>
        <C18-AS>
        </C18-AS>
        <C18-LD>
        </C18-LD>
        <C18LanguageToolchain>
        </C18LanguageToolchain>
      </item>
      <item path="logging.c" ex="false" overriding="false">
        <C18>
        </C18>
        <C18-AS>
        </C18-AS>
        <C18-LD>
        </C18-LD>
        <C18LanguageToolchain>
        </C18LanguageToolchain>
      </item>
      <item path="logging.h" ex="true" overriding="false">
        <C18>
        </C18>
        <C18-AS>
        </C18-AS>
        <C18-LD>
        </C18-LD>
        <C18LanguageToolchain>
        </C18LanguageToolchain>
      </item>
      <item path="vehicle_kyburz.c" ex="true" overriding="false">
        <C18>
        </C18>
        <C18-AS>
        </C18-AS>
        <C18-LD>
        </C18-LD>
        <C18LanguageToolchain>
        </C18LanguageToolchain>
      </item>
      <item path="vehicle_mitsubishi.c" ex="true" overriding="false">
        <C18>
        </C18>
        <C18-AS>
        </C18-AS>
        <C18-LD>
        </C18-LD>
        <C18LanguageToolchain>
        </C18LanguageToolchain>
      </item>
      <item path="vehicle_nissanleaf.c" ex="true" overriding="false">
        <C18>
        </C18>
        <C18-AS>
        </C18-AS>
        <C18-LD>
        </C18-LD>
        <C18LanguageToolchain>
        </C18LanguageToolchain>
      </item>
      <item path="vehicle_obdii.c" ex="true" overriding="false">
        <C18>
        </C18>
        <C18-AS>
        </C18-AS>
        <C18-LD>
        </C18-LD>
        <C18LanguageToolchain>
        </C18LanguageToolchain>
      </item>
      <item path="vehicle_tazzari.c" ex="true" overriding="false">
        <C18>
        </C18>
        <C18-AS>
        </C18-AS>
        <C18-LD>
        </C18-LD>
        <C18LanguageToolchain>
        </C18LanguageToolchain>
      </item>
      <item path="vehicle_thinkcity.c" ex="true" overriding="false">
        <C18>
        </C18>
        <C18-AS>
        </C18-AS>
        <C18-LD>
        </C18-LD>
        <C18LanguageToolchain>
        </C18LanguageToolchain>
      </item>
      <item path="vehicle_track.c" ex="false" overriding="false">
        <C18>
        </C18>
        <C18-AS>
        </C18-AS>
        <C18-LD>
        </C18-LD>
        <C18LanguageToolchain>
        </C18LanguageToolchain>
      </item>
      <item path="vehicle_twizy.c" ex="false" overriding="false">
        <C18>
        </C18>
        <C18-AS>
        </C18-AS>
        <C18-LD>
        </C18-LD>
        <C18LanguageToolchain>
        </C18LanguageToolchain>
      </item>
      <item path="vehicle_voltampera.c" ex="false" overriding="false">
        <C18>
        </C18>
        <C18-AS>
        </C18-AS>
        <C18-LD>
        </C18-LD>
        <C18LanguageToolchain>
        </C18LanguageToolchain>
      </item>
    </conf>
    <conf name="V2_TR_Production" type="2">
      <toolsSet>
        <developmentServer>localhost</developmentServer>
        <targetDevice>PIC18F2685</targetDevice>
        <targetHeader></targetHeader>
        <targetPluginBoard></targetPluginBoard>
        <platformTool>PICkit3PlatformTool</platformTool>
        <languageToolchain>C18</languageToolchain>
        <languageToolchainVersion>3.40</languageToolchainVersion>
        <platform>4</platform>
      </toolsSet>
      <compileType>
        <linkerTool>
          <linkerLibItems>
          </linkerLibItems>
        </linkerTool>
        <loading>
          <useAlternateLoadableFile>false</useAlternateLoadableFile>
          <alternateLoadableFile></alternateLoadableFile>
        </loading>
      </compileType>
      <makeCustomizationType>
        <makeCustomizationPreStepEnabled>false</makeCustomizationPreStepEnabled>
        <makeCustomizationPreStep></makeCustomizationPreStep>
        <makeCustomizationPostStepEnabled>false</makeCustomizationPostStepEnabled>
        <makeCustomizationPostStep></makeCustomizationPostStep>
        <makeCustomizationPutChecksumInUserID>false</makeCustomizationPutChecksumInUserID>
        <makeCustomizationEnableLongLines>false</makeCustomizationEnableLongLines>
        <makeCustomizationNormalizeHexFile>false</makeCustomizationNormalizeHexFile>
      </makeCustomizationType>
      <C18>
        <property key="code-model" value="ml"/>
        <property key="data-model" value="oa-"/>
        <property key="default-char-unsigned" value="true"/>
        <property key="enable-all-optimizations" value="true"/>
        <property key="enable-int-promotion" value="false"/>
        <property key="enable-multi-bank-stack-model" value="false"/>
        <property key="enable-ob" value="false"/>
        <property key="enable-od" value="false"/>
        <property key="enable-om" value="true"/>
        <property key="enable-on" value="true"/>
        <property key="enable-op" value="false"/>
        <property key="enable-opa" value="false"/>
        <property key="enable-or" value="false"/>
        <property key="enable-os" value="true"/>
        <property key="enable-ot" value="false"/>
        <property key="enable-ou" value="false"/>
        <property key="enable-ow" value="true"/>
        <property key="extra-include-directories" value=""/>
        <property key="optimization-master" value="Enable all"/>
        <property key="preprocessor-macros"
                  value="OVMS_CAR_NONE;OVMS_CAR_TESLAROADSTER;OVMS_HW_V2;OVMS_DIAGMODULE;OVMS_LOGGINGMODULE;OVMS_ACCMODULE;OVMS_INTERNALGPS"/>
        <property key="procedural-abstraction-passes" value="0"/>
        <property key="storage-class" value="sca"/>
        <property key="verbose" value="false"/>
        <property key="warning-level" value="2"/>
      </C18>
      <C18-AS>
        <property key="cross.reference.file" value=""/>
        <property key="default.radix" value="HEX"/>
        <property key="enable.case.sensitivity" value="false"/>
        <property key="hex.output.format" value="INHX32"/>
        <property key="preprocessor.macros" value=""/>
        <property key="warning.level" value="0"/>
      </C18-AS>
      <C18-LD>
        <property key="cod-file" value="false"/>
        <property key="extra-lib-directories" value=""/>
        <property key="hex-output-format" value="INHX32"/>
        <property key="map-file" value="build/memorymap"/>
      </C18-LD>
      <C18LanguageToolchain>
        <property key="extended-mode" value="true"/>
        <property key="extended-mode-mcc18" value="true"/>
        <property key="extended-mode-mpasm" value="true"/>
        <property key="extended-mode-mplink" value="true"/>
        <property key="stack-analysis" value="false"/>
        <property key="stack-analysis-mcc18" value="false"/>
        <property key="stack-analysis-mplink" value="false"/>
      </C18LanguageToolchain>
      <PICkit3PlatformTool>
        <property key="AutoSelectMemRanges" value="auto"/>
        <property key="Freeze Peripherals" value="true"/>
        <property key="SecureSegment.SegmentProgramming" value="FullChipProgramming"/>
        <property key="ToolFirmwareFilePath"
                  value="Press to browse for a specific firmware version"/>
        <property key="ToolFirmwareOption.UseLatestFirmware" value="true"/>
        <property key="hwtoolclock.frcindebug" value="false"/>
        <property key="memories.aux" value="false"/>
        <property key="memories.bootflash" value="false"/>
        <property key="memories.configurationmemory" value="false"/>
        <property key="memories.eeprom" value="false"/>
        <property key="memories.flashdata" value="true"/>
        <property key="memories.id" value="true"/>
        <property key="memories.programmemory" value="true"/>
        <property key="memories.programmemory.end" value="0xffff"/>
        <property key="memories.programmemory.start" value="0x0"/>
        <property key="poweroptions.powerenable" value="true"/>
        <property key="programmertogo.imagename" value=""/>
        <property key="programoptions.eraseb4program" value="true"/>
        <property key="programoptions.pgmspeed" value="2"/>
        <property key="programoptions.preserveeeprom" value="true"/>
        <property key="programoptions.preserveprogramrange" value="false"/>
        <property key="programoptions.preserveprogramrange.end" value="0x3f"/>
        <property key="programoptions.preserveprogramrange.start" value="0x0"/>
        <property key="programoptions.preserveuserid" value="false"/>
        <property key="programoptions.testmodeentrymethod" value="VPPFirst"/>
        <property key="programoptions.usehighvoltageonmclr" value="false"/>
        <property key="programoptions.uselvpprogramming" value="false"/>
        <property key="voltagevalue" value="5.0"/>
      </PICkit3PlatformTool>
      <item path="vehicle_kyburz.c" ex="true" overriding="false">
        <C18>
        </C18>
        <C18-AS>
        </C18-AS>
        <C18-LD>
        </C18-LD>
        <C18LanguageToolchain>
        </C18LanguageToolchain>
      </item>
      <item path="vehicle_mitsubishi.c" ex="true" overriding="false">
        <C18>
        </C18>
        <C18-AS>
        </C18-AS>
        <C18-LD>
        </C18-LD>
        <C18LanguageToolchain>
        </C18LanguageToolchain>
      </item>
      <item path="vehicle_nissanleaf.c" ex="true" overriding="false">
        <C18>
        </C18>
        <C18-AS>
        </C18-AS>
        <C18-LD>
        </C18-LD>
        <C18LanguageToolchain>
        </C18LanguageToolchain>
      </item>
      <item path="vehicle_obdii.c" ex="true" overriding="false">
        <C18>
        </C18>
        <C18-AS>
        </C18-AS>
        <C18-LD>
        </C18-LD>
        <C18LanguageToolchain>
        </C18LanguageToolchain>
      </item>
      <item path="vehicle_tazzari.c" ex="true" overriding="false">
        <C18>
        </C18>
        <C18-AS>
        </C18-AS>
        <C18-LD>
        </C18-LD>
        <C18LanguageToolchain>
        </C18LanguageToolchain>
      </item>
      <item path="vehicle_thinkcity.c" ex="true" overriding="false">
        <C18>
        </C18>
        <C18-AS>
        </C18-AS>
        <C18-LD>
        </C18-LD>
        <C18LanguageToolchain>
        </C18LanguageToolchain>
      </item>
      <item path="vehicle_track.c" ex="true" overriding="false">
        <C18>
        </C18>
        <C18-AS>
        </C18-AS>
        <C18-LD>
        </C18-LD>
        <C18LanguageToolchain>
        </C18LanguageToolchain>
      </item>
      <item path="vehicle_twizy.c" ex="true" overriding="false">
        <C18>
        </C18>
        <C18-AS>
        </C18-AS>
        <C18-LD>
        </C18-LD>
        <C18LanguageToolchain>
        </C18LanguageToolchain>
      </item>
      <item path="vehicle_voltampera.c" ex="true" overriding="false">
        <C18>
        </C18>
        <C18-AS>
        </C18-AS>
        <C18-LD>
        </C18-LD>
        <C18LanguageToolchain>
        </C18LanguageToolchain>
      </item>
    </conf>
    <conf name="V2_RT_Production" type="2">
      <toolsSet>
        <developmentServer>localhost</developmentServer>
        <targetDevice>PIC18F2685</targetDevice>
        <targetHeader></targetHeader>
        <targetPluginBoard></targetPluginBoard>
        <platformTool>PICkit3PlatformTool</platformTool>
        <languageToolchain>C18</languageToolchain>
        <languageToolchainVersion>3.40</languageToolchainVersion>
        <platform>4</platform>
      </toolsSet>
      <compileType>
        <linkerTool>
          <linkerLibItems>
          </linkerLibItems>
        </linkerTool>
        <loading>
          <useAlternateLoadableFile>false</useAlternateLoadableFile>
          <alternateLoadableFile></alternateLoadableFile>
        </loading>
      </compileType>
      <makeCustomizationType>
        <makeCustomizationPreStepEnabled>false</makeCustomizationPreStepEnabled>
        <makeCustomizationPreStep></makeCustomizationPreStep>
        <makeCustomizationPostStepEnabled>false</makeCustomizationPostStepEnabled>
        <makeCustomizationPostStep></makeCustomizationPostStep>
        <makeCustomizationPutChecksumInUserID>false</makeCustomizationPutChecksumInUserID>
        <makeCustomizationEnableLongLines>false</makeCustomizationEnableLongLines>
        <makeCustomizationNormalizeHexFile>false</makeCustomizationNormalizeHexFile>
      </makeCustomizationType>
      <C18>
        <property key="code-model" value="ml"/>
        <property key="data-model" value="oa-"/>
        <property key="default-char-unsigned" value="true"/>
        <property key="enable-all-optimizations" value="true"/>
        <property key="enable-int-promotion" value="false"/>
        <property key="enable-multi-bank-stack-model" value="false"/>
        <property key="enable-ob" value="false"/>
        <property key="enable-od" value="false"/>
        <property key="enable-om" value="true"/>
        <property key="enable-on" value="true"/>
        <property key="enable-op" value="false"/>
        <property key="enable-opa" value="false"/>
        <property key="enable-or" value="false"/>
        <property key="enable-os" value="true"/>
        <property key="enable-ot" value="false"/>
        <property key="enable-ou" value="false"/>
        <property key="enable-ow" value="true"/>
        <property key="extra-include-directories" value=""/>
        <property key="optimization-master" value="Enable all"/>
        <property key="preprocessor-macros"
                  value="OVMS_CAR_NONE;OVMS_CAR_RENAULTTWIZY;OVMS_HW_V2;OVMS_DIAGMODULE;OVMS_LOGGINGMODULE;OVMS_INTERNALGPS"/>
        <property key="procedural-abstraction-passes" value="0"/>
        <property key="storage-class" value="sca"/>
        <property key="verbose" value="false"/>
        <property key="warning-level" value="2"/>
      </C18>
      <C18-AS>
        <property key="cross.reference.file" value=""/>
        <property key="default.radix" value="HEX"/>
        <property key="enable.case.sensitivity" value="false"/>
        <property key="hex.output.format" value="INHX32"/>
        <property key="preprocessor.macros" value=""/>
        <property key="warning.level" value="0"/>
      </C18-AS>
      <C18-LD>
        <property key="cod-file" value="false"/>
        <property key="extra-lib-directories" value=""/>
        <property key="hex-output-format" value="INHX32"/>
        <property key="map-file" value="build/memorymap"/>
      </C18-LD>
      <C18LanguageToolchain>
        <property key="extended-mode" value="true"/>
        <property key="extended-mode-mcc18" value="true"/>
        <property key="extended-mode-mpasm" value="true"/>
        <property key="extended-mode-mplink" value="true"/>
        <property key="stack-analysis" value="false"/>
        <property key="stack-analysis-mcc18" value="false"/>
        <property key="stack-analysis-mplink" value="false"/>
      </C18LanguageToolchain>
      <PICkit3PlatformTool>
        <property key="AutoSelectMemRanges" value="auto"/>
        <property key="Freeze Peripherals" value="true"/>
        <property key="SecureSegment.SegmentProgramming" value="FullChipProgramming"/>
        <property key="ToolFirmwareFilePath"
                  value="Press to browse for a specific firmware version"/>
        <property key="ToolFirmwareOption.UseLatestFirmware" value="true"/>
        <property key="hwtoolclock.frcindebug" value="false"/>
        <property key="memories.aux" value="false"/>
        <property key="memories.bootflash" value="false"/>
        <property key="memories.configurationmemory" value="false"/>
        <property key="memories.eeprom" value="false"/>
        <property key="memories.flashdata" value="true"/>
        <property key="memories.id" value="true"/>
        <property key="memories.programmemory" value="true"/>
        <property key="memories.programmemory.end" value="0xffff"/>
        <property key="memories.programmemory.start" value="0x0"/>
        <property key="poweroptions.powerenable" value="false"/>
        <property key="programmertogo.imagename" value=""/>
        <property key="programoptions.eraseb4program" value="true"/>
        <property key="programoptions.pgmspeed" value="2"/>
        <property key="programoptions.preserveeeprom" value="true"/>
        <property key="programoptions.preserveprogramrange" value="false"/>
        <property key="programoptions.preserveprogramrange.end" value="0x3f"/>
        <property key="programoptions.preserveprogramrange.start" value="0x0"/>
        <property key="programoptions.preserveuserid" value="false"/>
        <property key="programoptions.testmodeentrymethod" value="VPPFirst"/>
        <property key="programoptions.usehighvoltageonmclr" value="false"/>
        <property key="programoptions.uselvpprogramming" value="false"/>
        <property key="voltagevalue" value="5.0"/>
      </PICkit3PlatformTool>
      <item path="acc.c" ex="true" overriding="false">
        <C18>
        </C18>
        <C18-AS>
        </C18-AS>
        <C18-LD>
        </C18-LD>
        <C18LanguageToolchain>
        </C18LanguageToolchain>
      </item>
      <item path="acc.h" ex="true" overriding="false">
        <C18>
        </C18>
        <C18-AS>
        </C18-AS>
        <C18-LD>
        </C18-LD>
        <C18LanguageToolchain>
        </C18LanguageToolchain>
      </item>
      <item path="vehicle_kyburz.c" ex="true" overriding="false">
        <C18>
        </C18>
        <C18-AS>
        </C18-AS>
        <C18-LD>
        </C18-LD>
        <C18LanguageToolchain>
        </C18LanguageToolchain>
      </item>
      <item path="vehicle_mitsubishi.c" ex="true" overriding="false">
        <C18>
        </C18>
        <C18-AS>
        </C18-AS>
        <C18-LD>
        </C18-LD>
        <C18LanguageToolchain>
        </C18LanguageToolchain>
      </item>
      <item path="vehicle_nissanleaf.c" ex="true" overriding="false">
        <C18>
        </C18>
        <C18-AS>
        </C18-AS>
        <C18-LD>
        </C18-LD>
        <C18LanguageToolchain>
        </C18LanguageToolchain>
      </item>
      <item path="vehicle_obdii.c" ex="true" overriding="false">
        <C18>
        </C18>
        <C18-AS>
        </C18-AS>
        <C18-LD>
        </C18-LD>
        <C18LanguageToolchain>
        </C18LanguageToolchain>
      </item>
      <item path="vehicle_tazzari.c" ex="true" overriding="false">
        <C18>
        </C18>
        <C18-AS>
        </C18-AS>
        <C18-LD>
        </C18-LD>
        <C18LanguageToolchain>
        </C18LanguageToolchain>
      </item>
      <item path="vehicle_teslaroadster.c" ex="true" overriding="false">
        <C18>
        </C18>
        <C18-AS>
        </C18-AS>
        <C18-LD>
        </C18-LD>
        <C18LanguageToolchain>
        </C18LanguageToolchain>
      </item>
      <item path="vehicle_thinkcity.c" ex="true" overriding="false">
        <C18>
        </C18>
        <C18-AS>
        </C18-AS>
        <C18-LD>
        </C18-LD>
        <C18LanguageToolchain>
        </C18LanguageToolchain>
      </item>
      <item path="vehicle_track.c" ex="true" overriding="false">
        <C18>
        </C18>
        <C18-AS>
        </C18-AS>
        <C18-LD>
        </C18-LD>
        <C18LanguageToolchain>
        </C18LanguageToolchain>
      </item>
      <item path="vehicle_twizy.c" ex="false" overriding="false">
        <C18>
        </C18>
        <C18-AS>
        </C18-AS>
        <C18-LD>
        </C18-LD>
        <C18LanguageToolchain>
        </C18LanguageToolchain>
      </item>
      <item path="vehicle_voltampera.c" ex="true" overriding="false">
        <C18>
        </C18>
        <C18-AS>
        </C18-AS>
        <C18-LD>
        </C18-LD>
        <C18LanguageToolchain>
        </C18LanguageToolchain>
      </item>
    </conf>
  </confs>
</configurationDescriptor>
